<?xml version="1.0" encoding="UTF-8"?>
<project-private xmlns="http://www.netbeans.org/ns/project-private/1">
    <editor-bookmarks xmlns="http://www.netbeans.org/ns/editor-bookmarks/2" lastBookmarkId="0"/>
    <open-files xmlns="http://www.netbeans.org/ns/projectui-open-files/2">
        <group>
            <file>file:/media/tarda/IOMEGA/M03/U01/Vargas_DAM2_M03_pt513_SAX-XML/src/cat/proven/realestate/model/RealEstate.java</file>
            <file>file:/media/tarda/IOMEGA/M03/U01/Vargas_DAM2_M03_pt513_SAX-XML/src/cat/proven/realestate/RealEstateApp.java</file>
            <file>file:/media/tarda/IOMEGA/M03/U01/Vargas_DAM2_M03_pt513_SAX-XML/src/cat/proven/realestate/persist/RealEstateContentHandle.java</file>
        </group>
    </open-files>
</project-private>
